country,articles/population
guyana,2.5412960609911054e-08
djibouti,3.7449392712550604e-08
belize,3.818615751789976e-08
barbados,4.878048780487805e-08
bahamas,5.089058524173028e-08
suriname,6.611570247933884e-08
cape verde,6.654676258992805e-08
french guiana,9.183673469387755e-08
martinique,9.55056179775281e-08
montenegro,1.1575562700964631e-07
