country,articles/population
tuvalu,0.0054
albania,0.00016102889358703313
new zealand,0.0001570082213755765
norway,0.00012177464265825134
moldova,0.00011966053748231965
estonia,0.0001111945905334335
finland,0.00010291191897268945
sao tome and principe,0.0001
lithuania,8.732999284180388e-05
uruguay,8.071367884451997e-05
