country;hq_article_rate
korea, north;0.2222222222222222
saudi arabia;0.1271186440677966
romania;0.12244897959183673
central african republic;0.12121212121212122
uzbekistan;0.10714285714285714
mauritania;0.10416666666666667
guatemala;0.08433734939759036
dominica;0.08333333333333333
syria;0.07751937984496124
benin;0.07692307692307693
