country,articles/population
tuvalu,0.0054
albania,0.00016102889358703313
new zealand,0.00015720874273110087
norway,0.00012177464265825134
moldova,0.00011994342291371994
estonia,0.00011194590533433509
finland,0.00010309278350515464
sao tome and principe,0.0001
lithuania,8.732999284180388e-05
cyprus,8.119304059652029e-05
