region,articles/population
EUROPE,0.01866928712958982
AFRICA,0.01779978116932311
LATIN AMERICA AND THE CARIBBEAN,0.012230857975458045
OCEANIA,0.009577845773165766
NORTHERN AMERICA,0.004964167392223389
ASIA,0.003171009831879457
