region,articles/population
EUROPE,1.8669287129589823e-08
AFRICA,1.779978116932311e-08
LATIN AMERICA AND THE CARIBBEAN,1.2230857975458046e-08
OCEANIA,9.577845773165765e-09
NORTHERN AMERICA,4.964167392223389e-09
ASIA,3.171009831879457e-09
