region,hq_article_rate
NORTHERN AMERICA,0.05360824742268041
ASIA,0.026854763321152376
EUROPE,0.0220708790515828
OCEANIA,0.020114942528735632
AFRICA,0.017344410435796532
LATIN AMERICA AND THE CARIBBEAN,0.014383043149129448
