region,population,articles/population
EUROPE,849287.0220000094,0.018672132729233938
AFRICA,386097.23700001615,0.01777013493624072
LATIN AMERICA AND THE CARIBBEAN,432759.34900000214,0.012210019291807313
OCEANIA,328051.34199999843,0.009547286046462858
NORTHERN AMERICA,392611.89600000775,0.0049412664765510865
ASIA,3716506.400999617,0.003166145495359585
